Name,Phone,Email,DOB,Category
Augustine,485-335-4401,awishart0@berkeley.edu,26/10/2012,Familiy
Caterina,977-448-5748,cmackibbon1@sbwire.com,14/06/2006,Office
Erinn,273-571-0312,ecarlet2@de.vu,20/04/2008,Office
Rozanne,888-150-8276,rbirkhead3@independent.co.uk,12/11/2015,Familiy
Marna,480-698-3923,mcatley4@oaic.gov.au,17/01/1997,Other
Marwin,907-695-4023,mdurbann5@usa.gov,27/01/2000,Office
Audry,890-582-1095,acecchi6@delicious.com,06/09/1998,Other
Marijn,238-801-1748,mcrumley7@washington.edu,14/04/2009,Familiy
Worthy,168-563-2692,wclandillon8@google.com,09/07/1995,Other
Andreana,941-806-0701,asowray9@miitbeian.gov.cn,30/10/2017,Friend
Jarad,567-820-0797,jsprasena@sina.com.cn,22/06/2002,Other
Grazia,139-913-7424,gcoughtreyb@example.com,27/06/2006,Other
Sigismondo,229-160-0843,sgiacomuzzoc@flavors.me,31/03/2019,Familiy
Lolly,980-192-4750,ldehavend@joomla.org,17/10/2002,Friend
Lindsey,524-916-7679,lbiasettie@census.gov,15/09/1991,Other
Rosalynd,498-246-7395,rregif@cnn.com,26/01/2008,Other
Kirbee,254-734-3159,kmicheug@irs.gov,17/07/2001,Familiy
Samuel,680-485-0993,sfitzsymonsh@imdb.com,08/05/2005,Familiy
Nikolaos,788-556-7406,nmiliffei@odnoklassniki.ru,07/09/2009,Office
Meridith,979-711-8508,mdeliaj@redcross.org,21/04/1996,Friend
Wakefield,140-403-4920,wivancevick@mapquest.com,11/06/2021,Friend
Giselbert,685-171-4805,gmurrowne@sun.com,11/04/2017,Familiy
Vanya,235-624-4074,vdifrancecshim@amazon.co.jp,12/02/2002,Familiy
Darryl,629-444-9511,dgettenro@ow.ly,05/05/2008,Familiy
Wilmar,858-732-1036,wbrowello@indiatimes.com,17/10/1991,Other
Zane,289-606-3553,zchristensenp@narod.ru,02/05/2020,Other
Lukas,695-188-5114,lbrushneenq@earthlink.net,23/12/1993,Other
Tremayne,432-924-9068,trembaudr@cbsnews.com,17/01/2014,Friend
Gus,573-220-8634,gpolons@shutterfly.com,08/08/2006,Office
Obidiah,773-497-2277,ostrathmant@google.com.br,03/08/2021,Friend
Der,102-396-4426,dpeverellu@xinhuanet.com,28/10/2004,Office
Agnese,456-346-0411,asnellmanv@berkeley.edu,18/08/2003,Other
Ferris,328-648-7338,fsainsw@vk.com,07/08/2004,Familiy
Nicolas,562-945-9548,nbeagenx@fc2.com,18/12/2015,Friend
Elsey,264-608-8425,eruseliny@hatena.ne.jp,10/08/1992,Friend
Neale,343-694-4831,nmurricanesm0@google.ca,11/09/2013,Office
Temple,398-108-6838,tluttgert10@epa.gov,22/07/1994,Friend
Sorcha,118-183-5073,shiddsley11@blinklist.com,28/09/2021,Familiy
Nikki,546-957-7888,nlinskey12@ezinearticles.com,13/10/1991,Friend
Cicely,669-613-4251,ckesten13@desdev.cn,10/04/2004,Office
Izaak,135-590-4049,ibroddle14@ox.ac.uk,21/03/2021,Office
Rachel,354-644-1193,rscadden15@ucoz.ru,23/10/2005,Other
Shepperd,569-243-4825,scitrine16@nih.gov,17/09/1992,Familiy
Jaye,398-228-8034,jpooke6j@smh.com.au,25/10/2007,Friend
Amitie,914-819-7033,aback18@sohu.com,27/03/1992,Friend
Isabeau,625-391-1546,ibloy19@typepad.com,06/01/2006,Office
Kathye,917-670-5748,kespinet1a@qq.com,11/07/2014,Other
Orella,645-138-7764,ogaddes1b@ezinearticles.com,09/03/2009,Familiy
Letisha,278-921-3978,lalner1c@networkadvertising.org,03/04/1993,Friend
Trever,423-996-9062,tsybry1d@ehow.com,16/08/2014,Other
Jorgan,115-950-8527,jsieghard1e@salon.com,25/10/2021,Other
Waite,585-114-5942,wwynett1f@europa.eu,24/09/1999,Other
Adolphe,319-509-0238,atomblett1g@blog.com,15/12/2003,Friend
Mercie,801-897-0389,mstiggers1h@ftc.gov,21/03/2010,Friend
Cherianne,880-785-0229,cfincham1i@techcrunch.com,13/09/2015,Office
Marietta,102-130-5220,mgillean1j@rambler.ru,27/01/1997,Office
Dominique,990-138-2105,dminshaw1k@accuweather.com,18/11/2007,Office
Sigismund,642-725-7823,steasell1l@skype.com,13/07/2008,Other
Carter,895-433-7125,cvondracek1m@amazonaws.com,18/04/2013,Other
Shaina,213-362-9309,sherculson1n@liveinternet.ru,20/08/1991,Friend
Darya,733-629-1597,doneal1o@vimeo.com,15/04/1998,Other
Moishe,517-817-6147,mmeiklem1p@reverbnation.com,05/01/2004,Other
Flossy,414-735-3632,fscowcraft1q@infoseek.co.jp,01/02/2017,Familiy
Christean,186-445-1057,cdaelgq@sciencedaily.com,18/09/1997,Familiy
Guido,407-539-8676,gadamides1s@cpanel.net,27/11/2001,Office
Gabe,634-418-0598,gcondliffe1t@usa.gov,22/08/2017,Office
Honor,963-785-8887,hvalentine1u@examiner.com,26/12/1999,Office
Lynn,195-184-0908,lmacintyre1v@toplist.cz,07/05/2019,Friend
Rakel,521-375-3370,rvida1w@wsj.com,01/06/2013,Familiy
Alasdair,768-244-5149,amerfin1x@cbslocal.com,18/04/2006,Office
Cecilla,762-998-6538,cgulston1y@topsy.com,27/08/2010,Friend
Ronny,264-536-3897,rhucker1z@dailymail.co.uk,26/03/2015,Other
Lillian,776-638-3244,lchristene20@weather.com,13/09/2013,Familiy
Gelya,200-540-7048,gsissland21@diigo.com,17/03/2015,Familiy
Norbert,935-464-9103,nabyss22@scribd.com,12/09/2020,Other
Terry,568-725-7037,tdelacourt23@cbc.ca,21/06/2002,Other
Griffith,975-773-4926,ghourahan24@people.com.cn,29/07/2021,Friend
Gawain,688-995-8646,gdovington25@imgur.com,04/04/2016,Familiy
Casey,543-780-6342,ccleefa3@barnesandnoble.com,14/07/1993,Friend
Noel,303-456-8702,nmapstone5d@columbia.edu,15/07/1999,Other
Devina,920-571-4008,ddeath28@facebook.com,06/02/2004,Familiy
Shurlocke,291-600-3472,slanfear29@bigcartel.com,18/06/2002,Friend
Atlanta,990-904-3426,acorn2a@soup.io,20/02/2002,Friend
Mab,414-869-5021,mkobes2b@blog.com,06/04/2007,Friend
Berta,804-995-0573,bjaycocks8s@is.gd,19/02/2011,Other
Ursulina,801-829-9649,uwartnaby8h@mit.edu,09/10/2001,Office
Gretta,746-381-5466,gforseith2e@163.com,04/03/2020,Other
Datha,525-887-2215,destabrook2f@networkadvertising.org,07/09/2016,Other
Melantha,717-377-0640,mtoon2g@newyorker.com,20/07/1991,Friend
Lodovico,686-549-1937,lropp2h@bing.com,19/09/2021,Office
Enos,994-897-9482,ekeayjt@theglobeandmail.com,07/05/2004,Familiy
Marcile,947-953-7324,mmaddison2j@miitbeian.gov.cn,04/09/1991,Other
Cull,504-974-0405,cmcpike2k@networksolutions.com,03/06/2003,Familiy
Adolpho,866-175-1364,agritsaev2l@tripadvisor.com,04/08/2019,Other
Anneliese,555-191-0992,ariggoll2m@purevolume.com,14/01/2015,Office
Mathe,594-649-4083,mhalward2n@deviantart.com,08/09/1997,Other
Waly,301-796-2523,wwicklen2o@harvard.edu,20/09/2012,Friend
Pepi,754-829-8143,pbrach2p@parallels.com,22/01/2019,Office
Mord,408-866-8188,mbollom2q@google.com.au,22/04/2001,Friend
Gladi,542-497-4440,gvaugham2r@opensource.org,18/03/1997,Familiy
Addie,648-870-4289,awoolfenden2s@fema.gov,05/09/1995,Other
Jada,562-265-8082,jostrich2t@umich.edu,12/01/1994,Friend
Meredith,466-626-2796,minderwicka2@merriam-webster.com,06/07/2008,Familiy
Zena,609-290-0944,zbinner2v@jigsy.com,12/11/2005,Friend
Blinni,670-836-7105,bodgaard2w@ehow.com,13/09/2007,Other
Isa,492-668-0145,ibythell2x@bigcartel.com,22/03/2015,Familiy
Beltran,157-367-2547,bkelf2y@engadget.com,08/06/2005,Friend
Jennifer,134-175-9652,jconor2z@whitehouse.gov,27/09/2016,Office
Reinhold,599-886-6732,rbancroft30@jugem.jp,20/06/2013,Friend
Lola,330-178-4455,lmoggie31@deliciousdays.com,17/01/2021,Other
Trenna,981-666-8535,tsheenjd@sbwire.com,10/09/2015,Other
Fransisco,179-482-3680,frelph33@ameblo.jp,17/08/2000,Familiy
Bernardo,759-162-3708,bjarmyn34@vk.com,16/02/2021,Other
Florina,325-646-3784,fvasyunin35@google.es,29/04/1994,Familiy
Darlleen,598-860-2576,dwickendonbv@behance.net,14/12/2005,Friend
Seward,103-161-8394,sletcher37@ftc.gov,05/10/1992,Friend
Gay,264-778-9242,gvasey38@dyndns.org,14/10/2017,Familiy
Marylinda,501-251-4820,mgudgen39@google.com.hk,15/12/2016,Office
Janenna,515-168-9876,jomullaney3a@amazon.com,19/05/2002,Office
Jordain,833-466-4066,jlaneham3b@jimdo.com,19/12/1993,Other
Missie,284-741-6975,mcolebrook3c@paypal.com,19/03/1994,Office
Madeline,243-137-0254,mivchenkof3@yandex.ru,12/07/2003,Other
Madelene,537-601-5743,mchattelaine3e@zimbio.com,30/01/2008,Familiy
Darbie,272-272-5369,dkrook3f@yelp.com,06/08/2017,Familiy
Abbi,525-579-6556,acrow3g@vkontakte.ru,13/10/2007,Friend
Mendel,212-721-0135,mvandervelden3h@uiuc.edu,22/11/2012,Other
Feodor,186-149-6552,fdunklee3i@wikia.com,26/12/2006,Office
Marco,606-248-6802,masplen3j@comsenz.com,23/06/2012,Office
Helenka,103-172-0001,hpeabody3k@hugedomains.com,16/07/2000,Familiy
Afton,466-164-2334,atomsen3l@tumblr.com,12/03/2012,Office
Aprilette,416-962-5340,alugard3m@forbes.com,19/01/2000,Familiy
Natalie,484-570-2193,ncubuzzi3n@ed.gov,09/10/2002,Familiy
Tyrus,197-238-8607,tbuer3o@netvibes.com,14/09/2001,Other
Josephina,709-656-4087,jjukes3p@phoca.cz,15/12/2012,Friend
Lilyan,423-478-2646,lpalphreyman3q@photobucket.com,16/03/2007,Office
Ermentrude,276-301-4485,ebehnecke3r@comsenz.com,27/10/2016,Familiy
Ignacio,898-818-4630,izambonini3s@merriam-webster.com,13/11/2016,Friend
Moss,457-409-4485,mmartijn3t@cafepress.com,09/02/2002,Office
Giffard,454-143-1944,gstamps3u@trellian.com,15/07/2002,Friend
Templeton,170-188-3942,tcalken3v@instagram.com,17/03/2001,Other
Silvester,992-694-1499,sdacca3w@usa.gov,19/12/2006,Familiy
Dawna,206-421-7568,dlarby3x@java.com,15/06/1999,Office
Doloritas,471-535-1025,dmceneny3y@w3.org,17/03/2020,Office
Reeta,428-862-7210,rskones3z@acquirethisname.com,17/02/2013,Friend
Sophey,417-835-9369,ssymmons40@baidu.com,12/08/2007,Other
Garvey,985-680-6797,glovelace41@123-reg.co.uk,18/10/1998,Familiy
Dixie,483-293-0663,dspaven42@ycombinator.com,30/04/2001,Office
Ariella,277-773-3968,ahydechambers43@discuz.net,22/12/2012,Familiy
Morry,860-703-2742,mdykins44@blinklist.com,16/07/2020,Friend
Prisca,138-766-6673,pbaumann45@sun.com,23/11/2020,Other
Hewet,252-631-0506,hmatijasevic46@vistaprint.com,19/05/2017,Other
Arlen,404-284-6616,alivoir47@liveinternet.ru,09/08/2021,Friend
Durante,498-565-2558,dreeveley48@phpbb.com,03/10/2014,Office
Gwendolen,584-712-0962,gjewise49@usnews.com,18/02/2016,Familiy
Patty,119-183-4215,plillie4a@smugmug.com,23/10/2007,Familiy
Carlynne,518-112-1889,cgostridge4b@who.int,20/03/2017,Friend
Otes,106-296-4025,osenussi4c@mtv.com,12/06/2001,Friend
Mattheus,565-649-9431,mpaddock4d@springer.com,09/12/1995,Friend
Elisabeth,395-456-4437,echristopherson4e@fema.gov,27/06/2011,Other
Finn,308-259-6506,ftrymme4f@com.com,20/12/1998,Other
Helge,100-315-2606,hludman4g@unblog.fr,12/10/2010,Familiy
Matteo,120-918-0785,msouthway4h@mit.edu,31/08/2008,Friend
Melita,197-739-2957,mmallows4i@hao123.com,06/10/2011,Familiy
Marice,913-235-4644,mginsie4j@clickbank.net,08/11/2013,Familiy
Winifred,491-682-5565,wveillard4k@hibu.com,27/04/2014,Friend
Leicester,747-173-9618,lvedikhov4l@cmu.edu,08/07/1994,Other
Vassili,481-447-0558,vbleythin4m@infoseek.co.jp,26/05/2008,Friend
Harley,680-589-1431,hashplant4n@acquirethisname.com,29/01/2007,Friend
Candy,550-336-6873,cilyenko8k@t.co,31/01/2017,Friend
Elnore,789-937-3513,ewarwick4p@forbes.com,27/02/1996,Familiy
Packston,183-912-7059,pswettenham4q@dell.com,11/08/2014,Friend
Eduard,685-766-2400,edearing4r@dailymotion.com,03/11/2018,Office
Clary,866-966-0550,cprobyn4s@sciencedirect.com,11/08/2014,Other
Ker,123-630-6388,kbrackenridge4t@altervista.org,18/07/1993,Familiy
Trenton,141-154-0415,tgipson4u@geocities.com,02/03/1997,Other
Pierette,168-904-2862,pwindaybank4v@constantcontact.com,21/03/1992,Office
Bale,756-485-7435,bdunbobin4w@digg.com,08/08/1995,Other
Ciro,633-526-8162,ccaponeo@liveinternet.ru,17/10/2001,Friend
Vicky,628-629-9983,vemmert4y@fda.gov,23/05/2017,Other
Winny,396-866-1880,wheenan4z@sciencedirect.com,10/04/2021,Familiy
Candida,905-405-1940,cleyrroyd50@mlb.com,04/03/1993,Office
Marcille,823-527-1705,mdivver51@miitbeian.gov.cn,11/05/2014,Other
Felipa,521-789-2358,fralestone52@bizjournals.com,05/08/1993,Office
Emera,858-120-9480,emorston53@home.pl,14/08/2009,Other
Shem,374-328-9407,sstockhill54@skype.com,14/12/1993,Familiy
Marybelle,289-219-5413,mcohanav@sfgate.com,31/05/2010,Office
Hurleigh,104-767-7438,hgerhts56@apple.com,28/03/1999,Office
Gracie,923-291-0803,ggibben57@state.tx.us,10/02/2011,Friend
Cristian,526-201-4046,cjerzykiewicz58@cbc.ca,28/01/2019,Familiy
Harwilll,667-286-5971,hquenby59@who.int,09/03/2019,Friend
Tonia,295-423-4372,tcolby5a@walmart.com,05/10/2006,Office
Ashly,266-239-9780,akarchowski5b@globo.com,11/11/2008,Office
Harli,528-212-2367,hbeaverob@example.com,09/10/2006,Friend
Fraze,814-940-9302,fstanier5e@wisc.edu,28/02/1998,Friend
Saul,231-970-2020,smeekinly@illinois.edu,03/01/1996,Office
Costa,429-676-1656,cdeluze5g@wikia.com,04/07/2006,Familiy
Mickie,844-756-5440,mlammertz5h@ed.gov,07/12/2004,Familiy
Olive,229-621-6503,oarygr@behance.net,06/04/2010,Other
Algernon,541-557-8049,adorber5j@arizona.edu,05/05/1996,Friend
Heda,905-853-7766,hgollop5k@weebly.com,22/05/1994,Other
Amelina,715-588-1058,arennox5l@alexa.com,16/10/2007,Familiy
Monroe,849-825-2682,mmcruviejg@ucsd.edu,23/04/2005,Familiy
Dion,353-252-9632,dlogie5n@amazonaws.com,11/12/1995,Office
Johannes,554-252-9176,jpickrell5o@ning.com,20/12/1992,Other
Francyne,198-706-0505,fvischi5p@cargocollective.com,03/04/2003,Familiy
Linell,546-794-4625,lniccolls5q@w3.org,16/03/2002,Other
Sigvard,960-658-7596,ssnipe5r@fastcompany.com,25/10/2008,Other
Rivy,904-287-0286,rpauwelfl@usnews.com,05/03/2005,Other
Dotty,647-671-9916,dpoulsen5t@comcast.net,22/10/1991,Familiy
Thaddus,370-619-3163,tdugoodfz@state.tx.us,10/01/2005,Familiy
Emmalyn,295-670-1099,epenhalewick5v@slate.com,13/12/2008,Office
Blair,207-126-9357,bever5w@networkadvertising.org,27/01/2013,Familiy
Jackie,198-800-6058,jgrishin5x@unblog.fr,30/04/2015,Office
Vincenz,973-540-6815,vpeto5y@webeden.co.uk,24/10/2008,Other
Catherin,710-153-3567,cpettipher5z@hao123.com,02/09/2021,Office
Charlot,583-629-3967,cfader60@walmart.com,19/10/2008,Friend
Vick,174-340-8736,vkuhn61@bluehost.com,03/08/2000,Familiy
Chad,489-121-8930,chodjetts62@altervista.org,20/11/2010,Office
Sibeal,931-255-5185,slightewood63@mlb.com,14/04/1993,Friend
Sherwynd,213-747-4001,scardon64@wiley.com,17/08/1995,Familiy
Gerladina,604-537-4363,gantoniottii65@netlog.com,03/02/1993,Office
Joby,889-534-8581,jcuruclis66@berkeley.edu,07/09/2020,Other
Mandy,238-603-4667,mbrody67@theguardian.com,13/09/2014,Friend
Trev,221-774-8200,trantoul68@bluehost.com,27/09/1993,Other
Karole,948-224-4078,kshoebridge69@arizona.edu,24/07/1998,Office
Iggy,576-350-7201,iorta6a@ocn.ne.jp,01/10/1998,Office
Sayre,243-130-5303,sanney6b@webnode.com,09/11/1994,Familiy
Ignacius,257-576-7073,iiaduccelli6c@dell.com,11/08/1993,Office
Alfredo,202-768-4063,amcgiffin6d@flickr.com,28/12/2006,Familiy
Bennett,961-644-0351,brouge6e@princeton.edu,25/10/2017,Friend
Carie,737-498-3336,cmeachem6f@wordpress.org,27/01/2011,Office
Nathanil,202-165-0081,nbrooker6g@marriott.com,05/07/2015,Familiy
Rianon,724-667-1579,rstallion6h@ocn.ne.jp,17/03/2011,Office
Kaylee,252-922-3924,ktibbitsb5@redcross.org,19/02/1994,Friend
Bendick,282-950-5462,bnovelli6k@guardian.co.uk,20/12/2000,Other
Lindsy,229-189-9399,lswafield6l@spiegel.de,26/02/1998,Familiy
Ebeneser,832-990-9659,ededman6m@japanpost.jp,15/02/2014,Friend
Katherine,598-873-7475,kflowerdew6n@tiny.cc,09/06/1992,Familiy
Hymie,657-381-3689,hattoe6o@google.nl,10/10/2020,Friend
Danny,944-296-5158,dmasham6p@pen.io,01/02/2019,Other
Dwight,913-900-6376,dbaudino6q@boston.com,01/07/1992,Familiy
Barn,710-500-8155,bbirley6r@cpanel.net,03/09/2001,Friend
Arabela,107-641-8866,aonions6s@cloudflare.com,13/04/2020,Office
Harrietta,914-683-7945,hchampion6t@woothemes.com,17/10/2020,Friend
Ludvig,553-963-4285,lvanbrug6u@networkadvertising.org,03/02/2006,Familiy
Karney,760-656-7147,ksturmey6v@lycos.com,20/01/2016,Familiy
Ava,695-215-3544,amartinet6w@vk.com,23/07/2013,Friend
Glennis,980-739-3097,gmatteoli6x@vistaprint.com,09/08/1992,Friend
Austin,701-949-6320,areary6y@instagram.com,08/01/2021,Familiy
Romeo,790-706-8203,rlawson6z@nationalgeographic.com,21/11/2019,Other
Carlie,536-841-0543,ccrighton70@washington.edu,09/06/2000,Friend
Abramo,156-998-8015,akiloh71@networkadvertising.org,11/02/2017,Friend
Susanetta,402-776-4285,sjenny72@feedburner.com,29/04/1992,Other
Suzann,107-628-1352,sflobert73@yelp.com,13/04/1994,Friend
Beauregard,971-803-2833,blander74@hp.com,27/06/2002,Office
Nickolai,838-697-0263,ntailby75@51.la,06/06/2002,Friend
Neda,912-535-8489,ngribbon76@fc2.com,10/01/1996,Friend
Trixi,630-503-7067,tschooley77@ibm.com,11/08/1998,Familiy
Heddie,296-925-0546,hwoollends78@w3.org,06/01/2014,Other
Bowie,774-938-7539,bbream79@dmoz.org,20/09/2002,Other
Trudy,310-571-2749,thindhaugh7a@guardian.co.uk,30/07/1991,Familiy
Harmonie,171-266-3763,hjoll7b@yale.edu,28/12/2012,Other
Osmund,959-531-8191,opfiffer7c@admin.ch,18/12/2004,Other
Berte,490-410-4539,bgetch7d@virginia.edu,02/02/2006,Office
Emmy,486-797-0232,esumnall7e@sphinn.com,12/11/2003,Other
Ebonee,446-460-2080,emackett7f@1und1.de,10/06/2001,Familiy
Kippy,739-504-9166,kwintringham7g@apache.org,19/06/1993,Office
Elmore,522-539-4410,ebonefant7h@naver.com,30/10/2017,Friend
Gunilla,635-321-1125,galford7i@tamu.edu,13/12/2017,Familiy
Nevin,816-460-0742,ndomeny7j@wufoo.com,03/04/2019,Office
Deni,294-386-5780,dmeredyth7k@chronoengine.com,11/03/1995,Other
Betteann,171-419-1578,bcromb7l@theglobeandmail.com,07/12/2008,Friend
Fax,626-956-9579,fbrawley7m@goodreads.com,04/11/2013,Friend
Durand,636-110-0379,dcasement7n@reference.com,14/12/1998,Other
Storm,975-975-6001,sgeri7o@prlog.org,21/09/1998,Office
Gert,961-810-2920,gmacarthur7p@google.co.uk,29/09/1997,Familiy
Jacquenetta,775-408-0912,jturn7q@psu.edu,13/02/1994,Other
Lesley,405-480-1143,lluff7r@csmonitor.com,04/08/1995,Other
Nelle,938-318-4838,nvonderempten7s@mapquest.com,09/02/1993,Familiy
Bryan,157-689-7095,blefleming7t@trellian.com,01/04/1995,Other
Kareem,554-321-9810,kpetroselli7u@amazon.de,03/09/1999,Familiy
Thorpe,346-689-6907,tleybanej@msn.com,13/05/2005,Friend
Cesya,968-622-5917,chulse7w@nymag.com,01/04/2016,Familiy
Nathanial,199-530-9097,nniles7x@lulu.com,23/02/1998,Other
Babbie,320-218-1254,bgushjm@hostgator.com,04/07/2012,Other
Zeb,226-267-8711,zhammell7z@barnesandnoble.com,20/07/2017,Office
Aubrey,531-358-4982,askaring5@istockphoto.com,19/11/1999,Familiy
Zahara,691-386-2559,zpavluk81@harvard.edu,03/01/1992,Other
Obadiah,873-216-8713,oleaburn82@wordpress.org,02/07/2016,Familiy
Hilary,831-879-4677,hbeetham83@ftc.gov,08/03/2017,Familiy
Gusti,389-481-7380,gpeete84@youtube.com,27/03/2007,Other
Hugibert,544-282-4733,hdanielsen85@google.com.hk,25/05/2001,Other
Weider,659-433-4302,wbright86@xrea.com,20/03/2019,Office
Rana,598-738-8379,rwright87@blogtalkradio.com,15/07/2016,Other
Lyn,326-704-1447,lpfeffel88@dedecms.com,08/09/2019,Friend
Jazmin,644-360-8703,jdriffill89@google.de,29/08/2003,Friend
Sinclair,202-776-1339,sgabriely8a@wikispaces.com,15/05/2002,Familiy
Keir,657-914-8478,klivzey8b@marriott.com,04/05/1999,Friend
Jessey,786-595-7533,jbevans8c@netlog.com,15/07/1999,Office
Teri,932-835-7902,tgeraghty9z@elegantthemes.com,01/11/2013,Office
Teodorico,244-317-9196,tmore8e@mtv.com,26/02/2020,Office
Reginauld,669-929-8500,rpetrakov8f@smh.com.au,15/04/1994,Familiy
Tristan,301-355-3340,teteen9n@noaa.gov,10/12/1995,Office
Falito,260-637-0183,fworkes8i@dailymotion.com,17/09/2017,Friend
Merwyn,393-287-4127,mtittershill8j@bloglovin.com,17/06/2005,Friend
Dody,167-577-0352,dwhyke8l@canalblog.com,23/07/1991,Familiy
Eloisa,239-126-7648,ecotmore8m@nature.com,19/11/2010,Familiy
Bel,305-787-3711,blascelles8n@sina.com.cn,01/09/2009,Friend
Lauretta,899-892-2916,lwharrier8o@amazon.com,01/03/1997,Familiy
Lianne,777-893-0106,leite8p@si.edu,04/09/1995,Familiy
Eileen,189-285-1653,eantliff8q@harvard.edu,29/03/2021,Familiy
Levon,746-258-1676,lhannent8r@japanpost.jp,19/06/2014,Friend
Davis,228-355-7768,dbrownscombe8t@gravatar.com,06/10/2018,Other
Luella,797-391-3450,lstenbridge8u@independent.co.uk,13/10/2013,Friend
Kitty,238-992-7556,kabdy8v@va.gov,01/03/2003,Friend
Kendrick,881-118-1869,kuzielli8w@photobucket.com,04/08/2003,Friend
Elladine,775-837-0507,egossling8x@pbs.org,04/05/2021,Friend
Oriana,437-816-4526,ocamus8y@noaa.gov,29/01/2016,Friend
Amos,314-289-6587,abrion8z@china.com.cn,03/07/1995,Familiy
Cirstoforo,950-342-6799,cpandya90@newyorker.com,30/08/2000,Other
Bonita,418-276-9381,byggo91@altervista.org,04/03/2020,Familiy
Celie,509-428-3933,cshuker92@japanpost.jp,18/11/2012,Other
Suzy,263-442-0209,serrichi93@nyu.edu,26/08/2000,Familiy
Johannah,123-465-0967,jrickets94@ucoz.ru,21/10/2019,Other
Karlie,821-798-7002,ktrawin95@whitehouse.gov,26/05/2003,Familiy
Gardener,646-940-1731,gtrank96@mapquest.com,19/07/2003,Familiy
Carling,455-728-7442,ccaseri97@oracle.com,11/02/2012,Other
Vasili,379-500-3753,vchantrell98@rediff.com,09/06/2014,Office
Michaelina,314-196-2725,mcolborn99@usgs.gov,02/05/2021,Familiy
Eric,414-120-7933,etwycross9a@thetimes.co.uk,29/02/2012,Other
Yoshiko,554-405-7238,ycenter9b@huffingtonpost.com,12/08/2013,Office
Pamelina,595-719-1315,pschulkenge@so-net.ne.jp,25/11/2000,Other
Farleigh,142-732-4641,flegister9d@boston.com,10/02/2016,Office
Josee,259-833-7666,jcastano9e@fc2.com,05/12/2007,Office
Kelvin,499-283-7507,kibell9f@omniture.com,22/09/2000,Other
Titus,480-868-5993,thallows9g@wix.com,11/11/2021,Friend
Tallie,889-856-6088,tdevitt9h@mozilla.org,04/10/2020,Other
Jennilee,525-396-0403,jgadie9i@rambler.ru,12/08/2016,Other
Ximenes,426-676-2380,xbrittles9j@tumblr.com,19/04/2006,Familiy
Seth,909-192-9469,shiley9k@umn.edu,09/01/2006,Familiy
Wandis,933-465-6604,wjordanson9l@webs.com,01/03/2020,Office
Gonzalo,855-526-0545,gcollidge9m@quantcast.com,25/09/2016,Friend
Shandie,274-991-1602,slujanf0@amazon.co.uk,24/08/2011,Friend
Dulcine,847-601-4331,dridde9p@bandcamp.com,11/05/2010,Familiy
Herman,792-766-7919,hsnelgrove9q@skype.com,23/10/2007,Friend
Tommie,314-686-6068,taingell9r@google.de,08/06/2019,Office
Rory,720-171-3542,rseebert9s@hatena.ne.jp,20/12/1997,Friend
Percival,512-918-4067,pplaster9t@prweb.com,30/07/2003,Office
Marion,407-629-8234,mcruddasfc@dyndns.org,18/10/2000,Other
Torey,589-547-4311,tmatthiesen9v@ox.ac.uk,23/08/1993,Office
Giustino,681-453-1684,gmontel9w@flavors.me,01/05/1995,Other
Ned,125-829-8928,ngoundsy9x@sciencedaily.com,22/11/1991,Other
Hersch,746-858-6356,hsergant9y@google.fr,07/07/2004,Friend
Blancha,852-517-8461,blotea0@patch.com,11/04/2017,Other
Alma,486-448-2514,aherionr5@sciencedaily.com,03/07/2007,Other
Danyette,972-714-7282,dchampnessa4@nba.com,02/09/2004,Other
Anthiathia,352-934-0000,aantoniettia5@amazon.co.jp,14/08/2020,Familiy
Marty,316-416-5051,mgleavea6@mapquest.com,05/07/2021,Familiy
Shelley,267-691-5502,sbendina7@example.com,04/09/2004,Office
Nial,105-796-2730,nwrothama8@usatoday.com,09/04/1996,Other
Marsiella,139-766-7645,mroydsa9@gmpg.org,20/11/1990,Friend
Sandy,581-220-6864,smytonaa@unicef.org,13/10/1992,Friend
Karlik,850-214-9222,kkemshellab@yandex.ru,02/01/1993,Friend
Briana,628-571-0015,bgallegosac@engadget.com,13/12/2010,Other
Denis,644-537-8258,dsmithemanad@blogtalkradio.com,04/07/1998,Familiy
Bone,829-835-9107,bcunradiae@live.com,10/07/2020,Other
Fidelity,861-775-8240,fjoiceyaf@theatlantic.com,26/04/2006,Other
Mercy,216-885-0860,mrimmerag@issuu.com,17/09/2003,Friend
Michelina,778-880-2142,mpierriah@archive.org,12/10/2019,Office
Benito,655-592-4877,bkohtlerai@mac.com,02/08/1995,Other
Jacinthe,707-792-0163,jpockaj@hp.com,04/04/2010,Other
Floris,649-358-0099,fgorstak@yahoo.co.jp,21/08/2012,Friend
Kipp,985-986-4111,kstentifordal@mediafire.com,14/04/2018,Other
Linette,476-706-0698,lwaterlandam@dailymail.co.uk,17/04/2004,Office
Vidovik,650-123-0773,vpanneran@amazon.de,17/09/2009,Friend
Baird,178-794-4642,bbrandenburgao@uol.com.br,10/02/2000,Friend
Marline,964-858-6137,mmcspirronap@craigslist.org,09/10/1994,Other
Dorothea,876-691-1810,dpitsallaq@nhs.uk,14/04/2004,Office
Evanne,486-733-8019,emussettiniar@cpanel.net,20/07/1996,Familiy
Lazarus,682-190-9449,laguirreas@fotki.com,06/11/1998,Familiy
Shena,787-573-1506,samossat@businesswire.com,02/06/1997,Office
Ring,539-851-5773,rlettsau@usnews.com,25/08/2015,Office
Darrel,688-484-9708,dweatherhoggaw@forbes.com,24/08/2021,Office
Alida,604-842-7501,awendenax@surveymonkey.com,26/06/2019,Other
Claretta,541-209-4638,cmcguinleyay@msu.edu,15/10/2012,Office
Matty,641-960-7736,mjorgero3@reference.com,14/09/2015,Familiy
Joe,318-491-9444,jswansonb0@liveinternet.ru,05/04/1996,Familiy
Kattie,107-395-6598,kborgnolb1@pagesperso-orange.fr,25/03/1999,Friend
Nariko,301-721-3830,ncrummyb2@tuttocitta.it,02/10/2011,Other
Arv,935-731-6019,achirmb3@mac.com,11/11/2010,Friend
Dorolisa,268-873-4729,dlymanb4@yale.edu,16/11/1999,Other
Hershel,825-433-5799,hbountiffb6@blinklist.com,12/04/2014,Office
Isadora,241-592-1928,ilippiattb7@independent.co.uk,29/09/2018,Friend
Tate,208-577-3580,tlawesb8@independent.co.uk,03/07/2005,Familiy
Donella,118-454-7322,dgebhardb9@list-manage.com,28/07/1999,Office
Madge,840-335-0677,mklawiba@pagesperso-orange.fr,22/11/1994,Friend
Queenie,945-419-9841,qpulhosterbb@cafepress.com,10/06/1993,Office
Theadora,440-471-8066,tshearsbc@pcworld.com,14/09/2018,Friend
Octavius,426-442-7642,okimmincebd@php.net,13/10/1999,Other
Kamilah,758-868-3212,kcastagnetobe@wikispaces.com,01/08/1991,Other
Dore,774-677-0444,dcoltonbf@naver.com,26/11/2017,Other
Jodie,598-855-8211,jwestneybg@reference.com,11/05/1996,Familiy
Hailee,747-143-1603,hgoodaylebh@mediafire.com,19/07/2004,Office
Muffin,130-607-0228,mcaultonbi@ucoz.com,05/03/2020,Familiy
Sophie,333-672-0568,skindlesidebj@linkedin.com,24/11/2001,Familiy
Rhona,260-466-9870,rmorandobk@typepad.com,25/08/2003,Friend
Calley,237-293-0576,cmerrybl@xinhuanet.com,05/05/2003,Friend
Frasier,999-814-0168,fwibrewbm@scribd.com,28/11/2010,Office
Stinky,715-547-1906,skimbreybn@mail.ru,01/09/2011,Other
Killian,747-344-1388,khallattbo@ifeng.com,19/04/2010,Office
Dorree,899-523-5003,driggebp@google.pl,14/03/2002,Other
Lamont,656-854-4128,lkeavybq@qq.com,26/09/1991,Other
Carissa,757-844-4918,ccurmibr@reference.com,27/08/1995,Office
Lotta,601-878-1125,lmyallbs@nytimes.com,06/06/2007,Other
Bambie,739-550-6400,bcadwalladerbt@t.co,27/10/1995,Friend
Reba,259-462-9871,rjasiakbu@networksolutions.com,06/09/1999,Office
Caty,563-777-8531,cturmelbw@bandcamp.com,18/12/1998,Familiy
Derk,301-771-5231,dprimobx@tumblr.com,22/09/2018,Office
Odelia,321-687-0407,oyedallc4@angelfire.com,21/06/1994,Office
Sherri,555-977-5020,srevillebz@engadget.com,25/12/2011,Friend
Roxana,845-683-3393,rbettlesc0@blogspot.com,19/08/2003,Friend
Hortensia,249-711-9644,hmaceveleyc1@tiny.cc,20/10/1993,Other
Clementina,295-541-6010,clincec2@army.mil,01/05/2018,Friend
Thatch,762-494-3471,tbunnc3@uiuc.edu,23/07/1998,Friend
Dickie,882-403-3562,dminorsc5@nationalgeographic.com,31/01/1991,Friend
Shaw,925-371-3941,ssherlandc6@nymag.com,10/11/2012,Other
Rich,249-441-0455,raventc7@reddit.com,03/03/2014,Friend
Ulrike,834-259-5398,ucazereaujs@ed.gov,17/02/1996,Office
Andria,327-191-1182,amorantc9@vkontakte.ru,22/10/2003,Familiy
Aurea,138-499-5582,agrisenthwaiteca@japanpost.jp,12/12/1992,Office
Erasmus,795-536-9111,ekanwelljn@elegantthemes.com,23/06/2006,Familiy
Amabel,591-492-4025,ablewittf9@loc.gov,08/02/1991,Other
Linnea,903-893-4333,lmeesecd@desdev.cn,08/04/2015,Friend
Osgood,818-815-4805,ohollowce@diigo.com,17/02/1991,Other
Maurizio,813-937-2934,mboathcf@alexa.com,09/06/2005,Other
Meghann,764-378-2269,mbarklycg@census.gov,25/07/2009,Other
Janetta,149-921-6495,jwhittamch@nba.com,05/05/2014,Other
Turner,655-684-9386,tdamettici@paginegialle.it,02/11/2015,Familiy
Alexandre,125-391-1086,atraicecj@fastcompany.com,20/01/2011,Office
Adella,862-191-0577,asextenck@cnn.com,20/02/2010,Office
Luz,385-795-3314,lshillakercl@sun.com,02/03/2003,Office
Eleni,296-711-6015,ebollanscm@altervista.org,24/01/1994,Other
Breena,390-263-0762,bflegcn@godaddy.com,08/10/2000,Other
Annadiana,357-286-8615,asergantco@vimeo.com,26/04/1994,Office
Bordy,138-547-0333,bportiscp@berkeley.edu,13/03/2005,Friend
Kerry,575-343-3142,khalescq@domainmarket.com,03/07/1994,Other
Ketti,449-658-5583,kaitkend0@diigo.com,16/04/2016,Friend
Johnnie,854-792-4040,jmccrilliscs@shinystat.com,24/05/2019,Friend
Rusty,352-162-2444,rgerkensmj@theatlantic.com,13/12/2019,Office
Whitman,432-793-0259,wdivellcu@hao123.com,23/04/2001,Other
Latia,818-984-3477,lmularkeycv@census.gov,12/10/2007,Familiy
Aura,951-126-0553,ashepleycw@nymag.com,08/07/1996,Friend
Roxine,962-869-7681,ralderseacx@google.fr,16/01/1992,Familiy
Cornelle,877-403-8357,cboughtoncy@ow.ly,02/11/2010,Office
Cort,267-502-0484,crestallcz@cmu.edu,15/10/2004,Familiy
Raphael,455-139-7221,rbenardeaud1@pinterest.com,03/10/2019,Office
Farlie,339-344-8239,fmontesd2@cbc.ca,06/06/1991,Familiy
Wyn,600-993-8081,wvowelld3@telegraph.co.uk,27/07/1998,Other
Doralynn,689-232-3248,dbullimored4@hp.com,20/04/2011,Office
Alina,687-641-2424,awithnalld5@creativecommons.org,21/02/1993,Familiy
Nonna,490-194-3090,nstanged6@statcounter.com,21/07/2019,Familiy
Gael,247-332-0370,gdmtrovicd7@ehow.com,05/08/2000,Other
Loy,352-474-8781,lpennycookd8@exblog.jp,12/04/1997,Office
Abbe,354-584-0615,aiskowho@google.cn,04/08/2016,Office
Constanta,109-915-6459,ccomarda@dot.gov,26/05/2018,Other
Shepard,317-959-7634,sresdaledb@guardian.co.uk,07/03/2007,Familiy
Jacquie,497-144-8649,jglanertdc@cmu.edu,20/11/2015,Friend
Abram,183-411-0773,ariceardsdd@mashable.com,12/03/2000,Other
Mindy,926-292-0008,marminde@unc.edu,13/01/2014,Familiy
Bogey,285-424-0546,bgilyattdf@4shared.com,28/03/2000,Other
Mitch,762-387-2134,mbloordg@w3.org,11/06/1991,Office
Patton,764-133-9648,pfinlasondh@bravesites.com,15/12/1990,Friend
Graehme,796-278-0427,gnasseydi@npr.org,31/12/1994,Other
Milly,103-969-6011,mmcavincheydj@hud.gov,14/01/2016,Friend
Ozzy,348-906-1639,otenderdk@zimbio.com,15/02/2004,Office
Shaylynn,465-499-0706,sprosedl@shop-pro.jp,10/09/2012,Other
Meredeth,454-297-4280,mdodimeaddm@list-manage.com,26/08/1991,Familiy
Shirleen,293-579-2417,soniansdn@comsenz.com,24/12/2007,Office
Staford,442-566-5426,scastelaindo@trellian.com,23/07/2006,Office
Debby,861-606-5703,dingledp@dropbox.com,20/09/2004,Friend
Calvin,915-653-6981,cdelchecolodq@vinaora.com,27/02/2007,Other
Claiborn,855-662-1995,cwingerdr@hud.gov,28/08/2016,Friend
Ezechiel,521-890-1799,ekestinds@wufoo.com,23/07/2004,Familiy
Margit,847-499-2410,mlorentzendt@amazon.com,10/11/1993,Office
Agnella,588-254-6903,afernierdu@google.co.jp,05/08/2002,Office
Everard,963-352-0240,erowenadv@patch.com,05/04/2014,Other
Agata,256-491-1492,askeggsdw@about.com,28/05/1993,Office
Clemence,273-902-6380,clambertidx@prnewswire.com,12/06/2018,Office
Yanaton,256-946-1857,yocullendz@ox.ac.uk,05/07/2004,Familiy
Carlyle,542-866-0785,cpannamane0@wp.com,03/07/1998,Other
Bo,828-752-1112,btrevallione1@trellian.com,18/06/1994,Office
Sophia,923-823-6207,sbugdene2@hp.com,05/04/1992,Other
Genny,626-592-2987,gassere3@businesswire.com,04/08/2009,Other
Masha,695-996-1424,mpalombie4@java.com,31/10/2012,Friend
Timmy,731-590-1639,todroughte5@geocities.jp,15/10/2017,Familiy
Roselle,641-151-8339,rrizzinie6@friendfeed.com,09/05/2021,Familiy
Clyve,196-268-5498,ckitteridgee7@oakley.com,21/03/2013,Other
Dinny,121-896-5034,dkilohe8@uol.com.br,10/07/2014,Office
Hugo,504-739-4469,hwhitebreade9@microsoft.com,04/03/1999,Familiy
Aurelia,493-826-8384,agoudeea@fotki.com,08/09/2018,Familiy
Conrade,290-436-1422,cmacshaneeb@goodreads.com,23/04/2006,Other
Pryce,275-159-9074,pprobynec@booking.com,25/01/2004,Familiy
Randi,689-265-0709,rstringerjx@marketwatch.com,16/06/1997,Office
Claudelle,212-358-2746,cpoppletonee@devhub.com,05/09/2017,Friend
Jory,139-162-5101,jsilverwoodef@delicious.com,13/06/2014,Other
Jdavie,676-967-5601,jcroalleg@addtoany.com,13/03/1992,Office
Alli,850-369-5925,areckeeh@google.ca,05/08/2006,Office
Elisha,917-376-9807,epentycostei@joomla.org,15/11/1996,Friend
Shanda,155-420-2251,sfallowsek@hhs.gov,22/07/1999,Office
Godfry,442-637-7914,gfolbiggel@nationalgeographic.com,28/10/1997,Office
Ikey,370-107-6679,isanchisem@shinystat.com,20/05/2001,Other
Edlin,166-746-8029,etarplyen@networkadvertising.org,08/06/2018,Office
Nikoletta,171-687-5599,nreffordep@theguardian.com,07/01/2004,Other
Harrie,706-472-1723,hgallegoeq@ox.ac.uk,31/01/1994,Other
Maggi,866-293-0350,mmaccauller@amazon.co.uk,03/10/2021,Office
Barri,543-894-6066,bmannixes@rediff.com,07/04/2002,Familiy
Cary,465-818-7973,cbyasset@utexas.edu,19/04/1993,Other
Arlyne,819-380-5203,adeerreu@behance.net,26/12/2015,Friend
Giffy,909-428-0954,gculverev@weibo.com,25/07/2003,Office
Hobard,791-785-6059,hsnaselew@soup.io,14/12/2013,Office
Lorain,462-263-4587,lbauldryr8@g.co,03/02/2000,Other
Ronnie,366-976-7879,rbullusey@ihg.com,29/10/2011,Familiy
Mari,474-318-4812,mblunsdenez@fotki.com,22/12/2002,Office
Herbie,143-227-2538,hcrathernf1@rakuten.co.jp,21/01/2006,Office
Shari,887-432-3618,sletertref2@seesaa.net,21/02/2002,Familiy
Mandi,143-352-6364,mhowdenih@abc.net.au,09/12/2009,Other
Dana,370-401-5745,dbarnardf5@virginia.edu,17/02/1995,Other
Annadiane,112-493-6862,apleassf6@stanford.edu,23/12/2008,Other
Renate,314-825-0289,roldmanf7@cnbc.com,21/08/2000,Other
Papagena,791-409-0141,pleftlyf8@addthis.com,26/05/2010,Familiy
Oralee,782-251-3703,ocreesefa@amazonaws.com,31/10/1999,Office
Bertram,204-643-3305,briddlefb@google.ca,28/10/1999,Friend
Morena,478-958-9018,mstlegerfd@wired.com,08/09/2014,Friend
Kristel,552-994-8717,kjerzykfe@latimes.com,24/04/2006,Familiy
Maximilian,759-606-8952,mdowningff@hibu.com,30/07/1993,Friend
Lori,791-395-2322,lbroxisfg@salon.com,29/03/2001,Friend
Brit,318-352-1494,bduxbarryfh@paginegialle.it,22/10/2014,Friend
Tonie,470-322-3842,tbluefi@example.com,31/12/2015,Friend
Clara,644-262-6090,cbattramfj@wiley.com,17/03/2010,Office
Ed,536-868-8901,emathewesfk@slate.com,07/08/2010,Office
Edyth,996-355-3146,espontonfm@surveymonkey.com,12/05/2014,Familiy
Vito,862-367-3954,vtellettfn@bigcartel.com,14/08/2016,Other
Constantia,641-879-0772,calessandonejr@china.com.cn,12/03/2016,Other
Aime,539-278-6805,acalderofp@auda.org.au,04/12/2004,Friend
Porter,439-304-3866,piglesiafq@un.org,01/12/1997,Other
Gabi,404-539-1064,ghucfr@xing.com,16/12/2000,Other
Tamera,572-915-9143,tvasyukhnovfs@phoca.cz,05/11/1996,Friend
Niall,485-241-8192,ntemplarft@soundcloud.com,24/07/2017,Other
Kelsey,305-606-2458,kriccofu@elpais.com,09/03/2004,Other
Gleda,668-746-0472,gcholoninfv@cdc.gov,04/09/1999,Familiy
Leeland,708-355-2645,lsellorfw@drupal.org,08/09/2005,Other
Desi,449-749-2728,dpressdeefx@last.fm,27/11/1994,Familiy
Filberte,421-212-5401,fkoppkefy@guardian.co.uk,08/02/2011,Familiy
Fredrika,241-392-3523,ftrevettg0@barnesandnoble.com,13/08/2007,Familiy
Logan,740-717-5381,lcloneyg1@discovery.com,24/03/2017,Familiy
Bess,556-706-0603,bharsentg2@multiply.com,06/11/1997,Other
Wait,214-646-6765,worpwoodg3@rakuten.co.jp,25/06/2001,Office
Oliviero,674-847-1577,okeddleg4@is.gd,21/03/1991,Office
Kim,941-503-8111,kikinsg6@yale.edu,18/08/2016,Office
Henry,955-373-3278,hnonog7@bravesites.com,22/12/2014,Other
Ansell,502-727-5671,afurnissg8@apple.com,14/10/2001,Office
Lauren,929-340-5193,lrubeeg9@slate.com,23/06/2014,Familiy
Elton,278-646-2258,egrishukhinga@freewebs.com,15/09/2015,Office
Ralf,884-534-0292,rclaxtongb@omniture.com,25/01/2005,Friend
Purcell,240-627-7280,pcolquetegc@dot.gov,12/08/2004,Familiy
Hashim,178-799-9503,hyewenpv@bbb.org,27/10/1995,Other
Redford,231-833-8952,rmurisgf@google.cn,07/08/2016,Office
Daisi,505-328-1938,dmcduffygg@purevolume.com,26/01/2004,Familiy
Coleman,487-842-8059,cumplebyoo@wp.com,17/10/1999,Office
Morgan,477-255-0790,mblasdalepu@boston.com,02/02/2019,Friend
Hercules,610-658-5660,hbrailsfordgj@yandex.ru,30/11/2020,Office
Addia,488-858-0101,acowndleygk@icq.com,17/08/2007,Familiy
Tandy,356-656-8665,tpughegl@i2i.jp,03/08/2017,Familiy
Preston,979-854-0839,pmcgarelgm@hp.com,22/06/2006,Office
Alard,793-608-9341,amanuelygn@phoca.cz,23/02/1995,Familiy
Forrest,651-448-3021,fbarkego@opensource.org,31/01/1997,Office
Darrin,794-795-5540,dprattgp@list-manage.com,26/11/2012,Friend
Sly,643-283-4471,szannutogs@yelp.com,18/10/2011,Friend
Irene,139-521-5411,ibendikgt@eepurl.com,24/08/1997,Friend
Ania,809-470-6388,abreamgu@pinterest.com,18/02/2008,Friend
Shantee,933-559-5692,sgowdridgegv@patch.com,14/01/2007,Friend
Valry,942-557-0848,vcowlishawgw@barnesandnoble.com,14/03/2002,Other
Horatio,980-329-9540,hconklingx@shutterfly.com,23/02/1993,Other
Ephrem,832-708-4533,efawcusgy@cnbc.com,13/02/2017,Friend
Florry,886-909-1814,fbanbriggegz@storify.com,20/11/1993,Friend
Adolph,864-291-9873,acassieh0@about.me,03/07/2010,Office
Yasmin,462-932-5474,yhalleh1@csmonitor.com,12/05/1998,Friend
Lisabeth,196-958-0172,lhackerh2@cornell.edu,17/03/2006,Friend
Nanete,452-578-6704,nhuieh3@cdbaby.com,09/08/1996,Office
Vivie,751-105-7351,vbroadeyh4@java.com,07/05/1992,Office
Gray,839-692-1188,ghaskurh5@earthlink.net,24/10/2004,Other
Chick,593-135-4401,ccarreyetteh6@cdc.gov,25/01/1999,Friend
Ericha,780-830-2251,ekleinplatzh7@dedecms.com,31/10/2005,Familiy
Jermain,405-694-0290,jswiggh8@sitemeter.com,27/07/2013,Office
Alva,383-839-7953,aguiderah9@hexun.com,22/09/1999,Friend
Skell,168-235-2962,scastanhor1@studiopress.com,31/03/1998,Office
Rhetta,500-223-4101,rgaffonhb@nationalgeographic.com,14/01/2005,Familiy
Gaston,402-564-9801,gtitcombhc@youtube.com,09/01/2001,Friend
Geoffry,453-848-8774,gfletcherhd@reuters.com,17/03/2000,Familiy
Laurence,875-428-1555,lwaldiehe@yandex.ru,09/04/2021,Other
Maury,124-587-2048,mphinnhf@squarespace.com,24/03/1994,Friend
Stefania,828-749-1230,smullalyhg@163.com,13/12/2001,Other
Grissel,748-997-8117,gsplevingshh@latimes.com,19/06/2015,Office
Gilli,419-551-1788,gjagerhi@yale.edu,18/12/1994,Office
Maurene,689-677-2216,mwonfarhj@qq.com,18/09/2020,Friend
Arlan,890-212-2102,amcmichaelhk@canalblog.com,21/12/2013,Office
Corissa,811-636-9846,cesselinhl@free.fr,27/10/2021,Office
Kenny,672-608-2062,kkyntonhm@narod.ru,04/12/2010,Friend
Rochette,890-336-7899,rheffronhn@mapquest.com,04/02/1999,Office
Dredi,290-286-7550,dfahrenbachhp@icq.com,07/06/1991,Office
Adriano,124-742-2116,aantushevhq@myspace.com,17/09/2011,Office
Angelita,655-800-1796,aadeshr@cyberchimps.com,10/02/2006,Office
Ceil,118-910-2294,ccavozzihs@wsj.com,05/12/1992,Familiy
Giffer,788-131-9430,gspybyht@abc.net.au,21/01/2015,Familiy
Valentina,592-403-4949,vmerriganshu@webmd.com,15/12/2007,Office
Brynne,509-566-1219,bwhistlecrafthv@edublogs.org,17/06/2012,Familiy
Conan,319-742-1685,cnicholsonhw@reverbnation.com,18/12/1999,Other
Valina,844-409-7999,vaphalehx@drupal.org,16/03/2018,Office
Morgana,719-103-0830,mhatzhy@de.vu,11/09/2018,Friend
Meir,528-879-6907,mfenbyhz@homestead.com,25/02/1992,Familiy
Ellerey,542-577-3312,emassimoi0@theguardian.com,09/03/2006,Other
Erwin,701-455-1659,epoorei1@163.com,01/06/1996,Other
Anstice,183-572-1134,acolvinlo@google.it,21/11/2015,Other
Karel,856-272-0489,kgleadhelli3@wsj.com,24/04/2018,Familiy
Lorilyn,734-310-4030,lcharltono4@joomla.org,07/07/2001,Office
Phyllida,942-918-5586,pfordycei5@businesswire.com,04/02/2019,Office
Rose,364-902-0577,rpickstoni6@forbes.com,22/04/2009,Office
Danni,299-726-3645,dpavlatai7@guardian.co.uk,04/01/1998,Friend
Sarena,254-270-4839,shuertanq@sitemeter.com,07/03/2001,Familiy
Jillana,717-892-6881,jmagovernq2@dmoz.org,21/07/2005,Other
Johann,858-475-3472,jciobotaruia@wired.com,07/02/1993,Office
Willa,538-257-2668,wmitrovicib@hao123.com,26/04/1997,Other
Hadley,737-489-5479,hlefebreic@fastcompany.com,26/12/1990,Familiy
Vittoria,153-139-0564,vteodoriid@cargocollective.com,04/05/2005,Familiy
Hedvige,399-971-4191,hstealfoxie@ihg.com,15/08/2016,Office
Katharina,793-316-4694,kleahyif@msn.com,25/06/1996,Familiy
Kelley,695-686-6240,khobbemaig@amazon.co.jp,19/08/2003,Familiy
Bonnibelle,677-279-9049,bsavilleii@usatoday.com,11/11/2006,Friend
Angelique,727-826-1870,ashivlinij@ucoz.com,06/12/2008,Friend
Bette,969-682-0936,bbromwichik@gov.uk,04/10/2005,Familiy
Malissia,426-769-8200,myurlovil@oracle.com,04/01/2007,Other
Cherilynn,423-777-4838,cblandamereim@about.me,17/09/1999,Office
Simeon,492-963-8370,sgerdingin@phpbb.com,10/10/2012,Friend
Helenelizabeth,321-982-8354,hosullivanio@ebay.com,08/09/2012,Familiy
Ludovico,552-954-9966,lbarkeip@vkontakte.ru,20/05/2007,Other
Pascal,119-128-1521,pmacshirieiq@twitpic.com,17/05/1999,Familiy
Hussein,438-754-1373,holdcroftir@dropbox.com,25/08/1993,Office
Tawnya,262-253-3513,tmollisonis@creativecommons.org,08/01/1996,Office
Zachery,521-530-2736,zcarletonit@jugem.jp,27/06/2008,Friend
Timofei,818-553-3969,tgoatmaniu@mashable.com,17/05/2000,Friend
Kara,553-234-3330,kwinsomiv@ihg.com,03/04/2011,Other
Karlan,820-159-5433,kdangeliiw@hugedomains.com,01/08/1996,Other
Jasen,252-695-8269,jklaussenix@dyndns.org,01/08/2010,Friend
Ninnetta,567-674-8700,nsimonciniiy@goo.gl,15/12/2012,Friend
Elora,773-161-3926,edaveridgeiz@washington.edu,07/11/2006,Familiy
Bill,706-470-1469,bcohenj0@columbia.edu,01/04/2001,Office
Banky,253-270-9835,bmatelaitisj1@acquirethisname.com,19/07/1997,Other
Jamesy,428-189-7578,jgerryj2@bandcamp.com,08/03/1995,Familiy
Adora,934-652-8359,awhiffenj3@omniture.com,22/11/2013,Office
Shara,606-984-6366,sfeathersbyj4@topsy.com,17/02/1995,Office
Ulla,317-287-1342,ugregolij5@comcast.net,29/03/2019,Other
Pearce,135-527-5626,pshimonij6@hugedomains.com,02/12/2002,Familiy
Asia,954-192-8797,afavelj7@sciencedaily.com,14/03/2001,Office
Madelaine,350-386-5759,mclimarj8@cnn.com,16/05/2008,Friend
Lucian,685-665-0730,lschultzj9@geocities.com,12/02/2000,Friend
Alfi,601-493-3153,aflayja@rakuten.co.jp,29/12/1996,Friend
Merrile,471-604-4176,mscotchmorjb@virginia.edu,10/02/2015,Familiy
Carmina,747-537-4315,cawcockjc@amazon.de,06/01/2007,Other
Esma,574-778-6990,eoswellje@jigsy.com,04/10/1997,Other
Alvie,416-546-3340,amcnirlanjf@livejournal.com,03/08/2011,Friend
Natalya,400-902-0418,nnapolionejh@quantcast.com,15/02/2018,Familiy
Desirae,519-186-2017,dewbankeji@fastcompany.com,28/02/1993,Familiy
Elke,423-761-6259,elittonjj@hatena.ne.jp,19/03/2006,Office
Ephraim,967-781-5779,ebentjejk@google.de,27/08/2021,Other
Dolley,234-271-2121,dmcgowanjl@godaddy.com,02/02/2005,Office
Morse,537-319-7800,mlintinjo@zdnet.com,28/02/2011,Familiy
Ramon,388-533-9198,rthiemjp@linkedin.com,17/06/2019,Familiy
Tillie,707-844-6549,tdurandjq@google.com.br,28/03/1995,Office
Chev,963-877-9261,ccraggju@mapy.cz,14/01/1998,Familiy
Nanice,767-558-2282,nstealyjv@feedburner.com,19/02/2021,Office
Hebert,885-835-6381,hseiffertjw@spiegel.de,15/08/2014,Office
Dario,778-151-7109,dswatheridgeny@opensource.org,26/10/1997,Familiy
Cora,284-688-6830,cmaydwelljz@about.me,11/01/1994,Other
Minne,518-685-6034,mcrustk0@miitbeian.gov.cn,07/02/1992,Office
Lonnard,790-865-7603,lburstowek1@amazon.com,07/04/2009,Office
Anna-maria,760-116-5378,ataytk2@state.tx.us,12/11/2017,Friend
Kalvin,766-565-1665,kcordenk3@artisteer.com,01/07/1994,Other
Rafa,792-176-3891,reykelhofk4@mapquest.com,17/08/2008,Office
Averell,342-198-6014,astarkk5@xing.com,09/04/2017,Friend
Abby,789-489-1537,aullettk6@pcworld.com,24/02/1996,Friend
Gusella,334-228-7372,gmoodeyk7@answers.com,11/03/2019,Other
Nevsa,219-544-1869,nfurmedgek8@php.net,27/10/2017,Familiy
Fulvia,578-188-7905,fcarollk9@time.com,22/08/2006,Familiy
Ashia,606-909-5862,awarrenderka@wikimedia.org,06/04/2000,Familiy
Celestyn,459-811-1911,cboltwoodkb@whitehouse.gov,01/10/1994,Familiy
Susy,697-470-7830,scherriekc@examiner.com,16/05/2008,Friend
Hobie,384-935-9619,hstovellkd@washingtonpost.com,21/08/2018,Familiy
Boniface,915-829-4575,bhaquardke@mashable.com,26/10/2019,Other
Devin,589-683-3101,dbrouner9@wp.com,29/09/2017,Other
Blondell,486-418-1209,bbaistowkg@state.gov,11/01/2011,Familiy
Jacquelynn,177-942-3896,jvaloiskh@reverbnation.com,14/11/2015,Friend
Ellwood,222-301-0935,ediackki@tamu.edu,25/11/2009,Office
Beth,638-601-6489,bcristofalokj@clickbank.net,21/12/2011,Familiy
Gabriela,345-228-0716,gogleasanekk@so-net.ne.jp,07/12/1990,Office
Junette,729-608-2318,jfranckekl@disqus.com,01/08/2021,Other
Hettie,597-338-5347,hwildbloodkm@nih.gov,05/08/2019,Office
Byran,106-519-9569,bemblenkn@yale.edu,04/04/2001,Familiy
Colman,721-595-3215,cartinko@jigsy.com,03/04/2010,Other
Felicdad,763-345-7369,fludlomkp@istockphoto.com,16/09/1999,Familiy
Ibbie,181-812-0753,irulfkq@qq.com,15/02/1992,Friend
Cosme,572-946-7342,cscholeykr@timesonline.co.uk,20/09/1995,Other
Alameda,405-807-9287,agoeffks@cisco.com,19/12/2010,Familiy
Hildegarde,364-793-0731,hharmarkt@slashdot.org,28/10/1995,Friend
Simon,498-661-7506,skinneirku@globo.com,28/10/1995,Friend
Ingunna,387-969-5653,iboyntonkv@bloglines.com,07/01/1995,Other
Nerita,394-167-3598,nbroadburykw@issuu.com,14/03/2015,Office
May,523-543-7630,mfilgatekx@newsvine.com,23/08/2018,Office
Cal,187-625-2593,cindgeky@cargocollective.com,01/09/2020,Familiy
Evered,903-888-1304,emcgeachiekz@skype.com,01/09/2010,Friend
Bernardine,605-405-0315,bthorringtonl0@php.net,15/11/1998,Office
Guglielma,952-996-1013,gneighbourl1@acquirethisname.com,11/12/2003,Office
Malina,109-678-1501,mkeithl2@tripadvisor.com,29/07/1993,Friend
Bernadene,943-688-1316,bbattertonl3@ning.com,10/06/2000,Other
Malcolm,333-987-4114,mpenyltonl4@mlb.com,20/01/2021,Familiy
Arabella,181-931-9520,atrappl5@blogger.com,15/03/2003,Familiy
Dedie,822-306-8826,dkettl6@fastcompany.com,12/04/1999,Familiy
Andris,889-294-9903,acourtinl8@thetimes.co.uk,12/03/2002,Friend
Etan,283-473-4033,ecaveaul9@bbc.co.uk,21/06/2015,Other
Bordie,248-621-1376,blanela@bloomberg.com,11/04/1997,Office
Ilse,397-517-3579,ibrokerlb@nhs.uk,23/11/2011,Other
Aldin,682-304-6596,alangrishlc@edublogs.org,04/09/1991,Office
Tabbie,543-610-5038,tclingoeld@t.co,03/06/2012,Office
Jilleen,416-777-5790,joldcroftle@alibaba.com,11/09/2011,Other
Sonnie,606-391-9776,sakenheadlf@msu.edu,16/08/1991,Other
Marie,583-126-0537,mmcauliffelg@psu.edu,02/11/2001,Friend
Jan,488-820-1969,jbeglinlh@weibo.com,31/07/1994,Familiy
Cori,820-836-1175,cdeclerkli@fc2.com,06/08/1997,Other
Angelico,912-532-8061,alattimorelj@t.co,13/01/1997,Friend
Wolfgang,667-736-1232,wbigbylk@sogou.com,08/02/1991,Office
Phoebe,349-595-8165,pvinall@google.fr,20/05/1997,Familiy
Katinka,976-660-9859,ktitchardlm@shareasale.com,14/04/2017,Friend
Ave,341-499-1053,ashottonln@nyu.edu,15/07/2004,Familiy
Augustus,457-932-1336,abatistelp@people.com.cn,22/02/2001,Other
Sosanna,757-995-3949,snortcliffelq@amazon.com,02/12/1990,Friend
Shandee,710-568-5295,sreinerlr@flavors.me,26/05/1993,Familiy
Linn,248-391-6082,lmantlels@opera.com,22/07/2000,Office
Olly,812-308-8472,oyurlovlt@privacy.gov.au,16/06/2000,Other
Kerr,757-278-8779,kmagauranoh@upenn.edu,23/03/2004,Familiy
Shir,946-506-1072,srendalllv@privacy.gov.au,23/10/1993,Other
Margaretha,139-448-7458,mhellcatni@instagram.com,04/02/2021,Other
Ethelbert,144-719-6915,ealandlx@fc2.com,17/08/2019,Other
Teador,662-489-7847,tshakshaftlz@deviantart.com,07/11/2008,Office
Saloma,428-692-4367,sblackwaym1@omniture.com,16/02/2017,Office
Lorelle,485-646-6492,lsarvarm2@mozilla.org,16/01/2019,Other
Stacy,432-906-6475,smacellenm3@weibo.com,05/04/2000,Other
Rosemonde,875-569-1286,rbrabbsm4@utexas.edu,22/08/2014,Other
Gale,936-291-3356,ghindsbergm5@bing.com,29/03/2002,Friend
Petey,233-643-6610,pstonnerm6@soundcloud.com,08/05/2008,Office
Sandro,639-312-9739,sbornem7@nydailynews.com,20/02/2020,Familiy
Gilles,567-808-1626,grosonem8@vk.com,13/12/1999,Other
Natalee,642-676-2139,nburmasterm9@wikispaces.com,25/02/2021,Friend
Trevar,313-514-9314,treaperma@cornell.edu,29/06/2019,Other
Philippa,831-230-1532,pmonganmb@newsvine.com,09/10/2007,Office
Temp,600-484-6915,twelldrakemc@shareasale.com,22/06/2010,Other
Callean,513-205-4937,cschrodermd@imgur.com,21/09/2012,Familiy
Akim,730-496-9017,avanhalenme@netlog.com,13/06/2017,Other
Thornie,210-519-1365,tdominkamf@furl.net,07/09/2001,Office
Morna,106-180-7227,mjozefczakmg@gizmodo.com,10/02/1999,Friend
Cherie,336-625-3390,ccritchlowmh@ezinearticles.com,01/08/2002,Familiy
Anne,389-453-3997,akoberami@weebly.com,11/10/2019,Familiy
Geri,340-393-0940,gjollandmk@nba.com,19/11/1999,Office
Gabriella,497-229-5474,ghaxellml@de.vu,24/06/2001,Friend
Martin,669-136-6432,mfeathersmm@sfgate.com,11/02/1991,Other
Consalve,219-687-8938,cdallowaymn@ning.com,25/04/2006,Familiy
Moore,855-953-2179,mkinnarmo@theatlantic.com,18/11/2017,Friend
Thatcher,155-561-9796,tfilkinmp@ftc.gov,29/09/2003,Other
Bil,537-203-8464,bcunniffmq@pen.io,23/04/1992,Other
Patrice,509-168-3263,pcalbrathemr@china.com.cn,26/11/2001,Familiy
Tamas,870-522-8518,tabbyms@shareasale.com,16/10/2011,Office
Rustin,553-408-8415,rcarwardinemt@examiner.com,27/02/1993,Friend
Perren,878-733-7831,propertmu@ifeng.com,28/04/2013,Familiy
Pavlov,899-629-8452,pmordeymv@live.com,22/12/2005,Friend
Carmine,793-377-8302,cnotomw@furl.net,25/03/2014,Office
Tina,786-631-2573,tdavidzono9@g.co,10/04/2021,Other
Susette,912-302-8226,sblincowemy@webmd.com,13/01/2007,Friend
Yvor,261-355-6176,ylinsleymz@mediafire.com,22/03/2009,Other
Estella,434-817-5831,elabrumn0@qq.com,19/11/2000,Friend
Poul,945-536-7137,pvigusn1@myspace.com,17/11/2011,Office
Charmain,370-353-8679,crojahnn2@ucoz.ru,30/06/2018,Familiy
Sibella,746-174-9803,sgradlyn3@hc360.com,22/01/2021,Office
Auroora,468-370-6271,abeddoen4@macromedia.com,02/03/2019,Friend
Rodolphe,239-906-8007,rreagann5@reference.com,03/11/2013,Friend
Ann-marie,710-935-5546,ahumphriso5@army.mil,20/11/1998,Office
Max,266-307-1678,mcallearn7@barnesandnoble.com,24/03/1991,Friend
Florri,510-747-4767,fmeinern8@un.org,31/01/2001,Other
Mattias,632-493-6993,mdudderidgen9@nih.gov,01/10/2014,Other
Gran,163-219-8352,gsebringna@nih.gov,01/04/2014,Friend
Conrado,917-191-1059,chinkensnb@woothemes.com,26/01/2010,Familiy
Fernande,208-734-1645,fnoyesnc@shareasale.com,21/12/2016,Familiy
Marleah,660-197-3128,mnowakowskand@deviantart.com,03/03/2015,Familiy
Morgun,869-290-5168,mgoudynf@reference.com,05/06/2013,Office
Humberto,302-903-1678,hsipsonng@home.pl,21/10/2011,Office
Rossy,404-154-0125,rwheelhousenh@usnews.com,19/01/1991,Office
Rockwell,432-764-0063,rwoodyattnj@oracle.com,05/10/2001,Other
Roseanne,661-926-0952,rbenitnk@blogger.com,30/11/2014,Other
Elston,302-715-2239,ecazaletnl@about.me,10/04/2018,Friend
Cristal,842-566-1887,cswyrenm@umn.edu,18/03/1995,Office
Evangelin,343-639-1401,ejouhningnn@arizona.edu,24/03/2000,Familiy
Jilly,111-182-7597,jlintallno@skyrock.com,02/10/2012,Friend
Gerianna,465-943-6368,goxerrm@dion.ne.jp,28/05/2000,Friend
Calla,798-316-0789,cyarrownr@usnews.com,28/12/2017,Other
Carlynn,491-534-1920,cstirmanns@ning.com,07/09/2005,Office
Kennith,378-159-1522,kmaygernt@w3.org,24/12/2000,Familiy
Durward,440-381-5973,dselleknu@cafepress.com,01/01/2008,Familiy
Isidro,565-316-4817,ibourrelnv@skyrock.com,14/12/1994,Familiy
Harald,943-959-9288,hberfootnw@about.me,04/02/1991,Friend
Robyn,398-854-4579,rjollienx@thetimes.co.uk,07/12/2002,Other
Teresa,986-334-6580,tkeyesnz@1und1.de,12/05/2019,Friend
Tadio,687-574-7499,tmattamo0@bbb.org,10/12/2014,Familiy
Belva,543-338-0526,bfarryo1@nytimes.com,11/03/2000,Other
Oneida,438-965-6901,obourdiso2@miibeian.gov.cn,12/11/2010,Office
Spense,770-902-9779,sleaningql@feedburner.com,20/08/1994,Familiy
Kalinda,682-428-5204,kshalcraso7@e-recht24.de,18/04/1993,Office
Hermy,761-998-6130,htapeo8@hhs.gov,04/09/2015,Friend
Pincus,249-323-9989,psaltsbergoa@ustream.tv,03/12/2002,Office
Mildrid,206-573-3028,mvenneuroc@webeden.co.uk,27/10/1995,Friend
Chariot,269-472-7509,cdeaguirreod@apache.org,05/03/1997,Other
Raddie,953-413-5559,rgobeloe@chicagotribune.com,10/04/2004,Familiy
Lincoln,459-943-0533,lsteartof@mac.com,16/10/1992,Other
Collete,858-494-5591,charbertsonog@nsw.gov.au,13/08/2021,Other
Shelbi,847-178-1175,sdelchecolooi@howstuffworks.com,30/09/1993,Other
Clyde,219-260-7767,cdumpletonoj@state.gov,08/11/2001,Friend
Stefa,469-262-6267,sochiltreeok@live.com,26/08/2009,Familiy
Penelopa,415-126-0014,preutherol@adobe.com,28/07/2012,Other
Clevie,430-450-9990,caaronsom@wisc.edu,17/08/2014,Friend
Janie,340-593-7328,jforlongeon@freewebs.com,20/05/2003,Friend
Abel,449-579-7770,ablewisop@soundcloud.com,29/07/2011,Friend
Malissa,621-869-7625,mwellmanoq@lulu.com,24/01/1995,Other
Augusta,187-784-0555,asimmenor@rediff.com,13/05/2009,Other
Keene,817-302-6441,kdunicanos@prnewswire.com,13/01/2018,Friend
Sheri,995-491-1600,ssibyllinaot@wikipedia.org,07/11/2012,Friend
Suellen,967-902-0887,stappinou@wikispaces.com,16/07/1992,Familiy
Bonny,576-498-4152,bsreenanov@tinyurl.com,07/07/2016,Office
Maxie,840-608-7909,mcheesleyow@house.gov,21/10/2004,Friend
Avivah,571-796-9108,aferresox@vimeo.com,29/09/1993,Other
Orbadiah,920-751-9294,oalbasinioy@printfriendly.com,25/12/2020,Friend
Jarrod,703-592-7494,jdedenhamrq@auda.org.au,04/01/1991,Familiy
Bambi,946-144-1747,bwalep0@toplist.cz,08/10/2011,Other
Hertha,865-830-5179,hdecleenp1@4shared.com,06/02/2008,Familiy
Kary,527-651-7169,kcrowcump2@yahoo.co.jp,20/03/1997,Familiy
Elene,712-851-3423,ejerzykp3@wunderground.com,19/07/1998,Other
Pierre,174-563-8318,pvenartp4@ebay.com,13/01/2019,Friend
Ailee,936-224-4255,agarfathp5@liveinternet.ru,12/01/2009,Friend
Hamlin,220-720-7464,hhabershawp6@infoseek.co.jp,30/08/2020,Other
Ariela,121-464-6021,adraynp7@hatena.ne.jp,22/01/2000,Other
Amabelle,478-235-1134,anelmesp8@google.co.uk,23/08/2004,Other
Ham,590-431-3304,hmackeyp9@jiathis.com,17/03/1998,Familiy
Syman,353-631-7598,spirduepa@lycos.com,22/06/2014,Friend
Opal,540-729-6864,oreichartzpb@chron.com,06/07/2018,Other
Richie,266-251-8561,rpippingpc@privacy.gov.au,08/05/1993,Other
Holt,937-438-9032,hspearmanpd@booking.com,17/01/2011,Other
Trip,714-553-9169,tdisleepe@dedecms.com,23/02/2008,Friend
Abraham,571-553-3563,asleafordpf@github.com,26/10/2008,Friend
Cloe,678-743-9287,cdeschellepg@networksolutions.com,15/11/1992,Familiy
Candi,625-863-6570,cbrighouseph@china.com.cn,11/02/2003,Other
Saunders,603-307-4980,sbatissepi@aboutads.info,03/09/2000,Friend
Gipsy,850-158-7596,gjudronpj@cmu.edu,22/07/2016,Familiy
Cly,408-158-5033,cferrettinopk@harvard.edu,27/03/1994,Office
Riki,914-711-9627,rsnedenpl@tinypic.com,22/10/2007,Other
Maddy,951-158-0324,mdavydochkinpm@dropbox.com,27/06/2008,Friend
Elicia,606-358-2932,ehawespn@lulu.com,22/03/1993,Office
Cinnamon,145-261-1808,ccoarserpo@com.com,02/05/1996,Other
Mireielle,187-318-6914,mdankopp@themeforest.net,20/05/1996,Other
Ramonda,895-823-4810,roflahertypq@simplemachines.org,02/02/2020,Friend
Leif,640-798-5728,lhastiepr@printfriendly.com,02/07/2017,Friend
Sara,259-153-5242,sdroughtps@newyorker.com,02/02/1997,Familiy
Sophi,519-270-4044,swarwickpt@baidu.com,05/02/2011,Office
Phillipp,363-246-0053,pskillanderspw@dagondesign.com,03/02/2008,Other
Manon,537-200-2988,mduligallpx@zimbio.com,11/02/2016,Familiy
Louella,643-677-6139,lkilmurrypy@hc360.com,31/07/2016,Familiy
Virgina,803-669-8784,vwoodingtonpz@google.pl,26/06/1999,Office
Rani,900-934-2392,rpragnellq0@cargocollective.com,02/01/1991,Office
Debi,403-227-2730,dgraceyq1@google.ru,07/06/2010,Friend
Bevin,215-270-2373,bdorroq3@dmoz.org,01/06/2013,Office
Homere,661-297-0206,haleevyq4@pagesperso-orange.fr,14/11/2014,Familiy
Portia,168-293-4447,pchecchetelliq5@prlog.org,30/09/2014,Familiy
Cher,179-559-5645,cduffynq6@instagram.com,20/12/1990,Friend
Irina,692-919-2122,ibremeyerq7@japanpost.jp,29/12/2014,Other
Romola,553-309-5960,rtriggq8@spiegel.de,29/01/2017,Friend
Charlotta,819-572-7221,cstanhopeq9@cnet.com,23/02/2001,Familiy
Elfrida,243-964-2064,eruseworthqa@vk.com,02/05/1999,Office
Barney,400-184-6035,btheunissenqb@comsenz.com,29/09/2011,Other
Roddy,179-352-5383,rkilbourneqc@reddit.com,13/01/2016,Office
Lemmie,983-246-4578,lgrolleqd@mlb.com,21/12/2000,Friend
Yves,940-631-2885,ysansunqe@mapquest.com,18/05/1993,Familiy
Isis,141-538-3607,ideinertqf@wix.com,30/10/1998,Familiy
Samantha,256-943-2406,sheasmanqg@bravesites.com,14/09/2003,Friend
Theodor,209-623-8150,tblumsomqh@istockphoto.com,21/10/2014,Friend
Mina,167-157-8622,mcoileyqi@networksolutions.com,27/01/2001,Friend
Quincey,696-629-3168,qallredqj@cbslocal.com,28/08/2004,Familiy
Freeland,931-976-9725,fjacobssenqk@earthlink.net,04/11/2006,Friend
Ofelia,197-860-3656,owillavizeqm@theglobeandmail.com,05/02/2009,Familiy
Roanna,359-212-1772,rmalkinqn@shutterfly.com,14/06/2015,Other
Alphard,222-967-8296,adrackfordqo@ibm.com,15/10/2012,Familiy
Errol,134-836-4573,ebumfordqp@livejournal.com,27/06/2001,Other
Fernanda,959-577-3607,ftomlinsonqq@lycos.com,26/01/2014,Friend
Linnie,998-286-1473,lsavouryqr@tripod.com,14/02/2001,Office
Lila,642-499-5811,lhubandqs@omniture.com,25/08/2015,Friend
Cass,903-695-6596,cdesforgesqt@cnbc.com,28/03/2012,Other
Ruttger,656-525-1269,rpailqu@merriam-webster.com,04/12/2009,Other
Helli,303-177-1397,hgennerqv@wired.com,14/06/1997,Friend
Jerrie,906-762-9644,jduceqw@mit.edu,10/02/2017,Other
Aldrich,943-285-2767,alezemereqx@addtoany.com,04/02/2021,Office
Sloan,409-233-6060,ssackeyqy@weather.com,03/09/2015,Friend
Yalonda,675-573-6421,yberingerqz@senate.gov,26/05/2018,Familiy
Stanwood,143-620-2298,smcmoniesr0@home.pl,28/02/1996,Other
Nat,678-240-6538,nparrishr2@canalblog.com,10/01/2006,Office
Sigismundo,227-638-9674,slicencer3@newsvine.com,02/03/2004,Office
Jermaine,347-113-4459,jsawellr4@nsw.gov.au,06/04/1996,Friend
Zora,449-516-3160,zpeaurtr6@rambler.ru,03/08/2002,Office
Sterling,671-175-2232,sbaptistr7@drupal.org,31/07/2000,Other
Shayna,101-277-7552,ssvanettira@house.gov,27/07/1998,Office
Jemima,242-285-1394,jsharprb@europa.eu,28/07/2009,Office
Lay,844-719-9462,lswindlerc@nationalgeographic.com,29/03/2011,Familiy
Tori,905-996-8029,tkorbrd@digg.com,01/11/2021,Office
Kass,500-865-3686,kfilipchikovre@people.com.cn,07/04/1997,Office
Phil,496-949-7809,pmalpasrf@tinypic.com,30/11/2020,Friend
Maryann,922-965-2405,mclitherowrg@shutterfly.com,31/12/1991,Office
Archibald,131-566-8245,ashowalterrh@google.cn,30/06/1994,Other
Nance,883-281-8758,ntschierascheri@slideshare.net,05/07/1994,Friend
Tim,430-808-2048,thaillrj@mail.ru,20/05/1993,Office
Holly,785-459-9622,hmahoodrk@un.org,24/06/2000,Friend
Tabb,438-370-2921,tkellenrl@goo.ne.jp,02/09/2016,Friend
Odie,483-374-6008,ookennedyrn@apple.com,05/10/2010,Office
Iseabal,814-624-9940,icloustonrp@squarespace.com,12/02/1997,Office
Marysa,181-817-7713,mcosinsrr@seattletimes.com,08/02/1994,Friend
